{
	"colors": {
		"text": {
			"x": 1.0,
			"y": 1.0,
			"z": 1.0,
			"w": 1.0
		},
		"text_disabled": {
			"x": 0.5,
			"y": 0.5,
			"z": 0.5,
			"w": 1.0
		},
		"window_bg": {
			"x": 0.05999999865889549,
			"y": 0.05999999865889549,
			"z": 0.05999999865889549,
			"w": 0.9399999976158142
		},
		"child_bg": {
			"x": 0.0,
			"y": 0.0,
			"z": 0.0,
			"w": 0.0
		},
		"popup_bg": {
			"x": 0.07999999821186066,
			"y": 0.07999999821186066,
			"z": 0.07999999821186066,
			"w": 0.9399999976158142
		},
		"border": {
			"x": 0.4300000071525574,
			"y": 0.4300000071525574,
			"z": 0.5,
			"w": 0.5
		},
		"border_shadow": {
			"x": 0.0,
			"y": 0.0,
			"z": 0.0,
			"w": 0.0
		},
		"frame_bg": {
			"x": 0.1599999964237213,
			"y": 0.28999999165534973,
			"z": 0.47999998927116394,
			"w": 0.5400000214576721
		},
		"frame_bg_hovered": {
			"x": 0.25999999046325684,
			"y": 0.5899999737739563,
			"z": 0.9800000190734863,
			"w": 0.4000000059604645
		},
		"frame_bg_active": {
			"x": 0.25999999046325684,
			"y": 0.5899999737739563,
			"z": 0.9800000190734863,
			"w": 0.6700000166893005
		},
		"title_bg": {
			"x": 0.03999999910593033,
			"y": 0.03999999910593033,
			"z": 0.03999999910593033,
			"w": 1.0
		},
		"title_bg_active": {
			"x": 0.1599999964237213,
			"y": 0.28999999165534973,
			"z": 0.47999998927116394,
			"w": 1.0
		},
		"title_bg_collapsed": {
			"x": 0.0,
			"y": 0.0,
			"z": 0.0,
			"w": 0.5099999904632568
		},
		"menu_bar_bg": {
			"x": 0.14000000059604645,
			"y": 0.14000000059604645,
			"z": 0.14000000059604645,
			"w": 1.0
		},
		"scrollbar_bg": {
			"x": 0.019999999552965164,
			"y": 0.019999999552965164,
			"z": 0.019999999552965164,
			"w": 0.5299999713897705
		},
		"scrollbar_grab": {
			"x": 0.3100000023841858,
			"y": 0.3100000023841858,
			"z": 0.3100000023841858,
			"w": 1.0
		},
		"scrollbar_grab_hovered": {
			"x": 0.4099999964237213,
			"y": 0.4099999964237213,
			"z": 0.4099999964237213,
			"w": 1.0
		},
		"scrollbar_grab_active": {
			"x": 0.5099999904632568,
			"y": 0.5099999904632568,
			"z": 0.5099999904632568,
			"w": 1.0
		},
		"check_mark": {
			"x": 0.25999999046325684,
			"y": 0.5899999737739563,
			"z": 0.9800000190734863,
			"w": 1.0
		},
		"checkbox_selected_bg": {
			"x": 0.22499999403953552,
			"y": 0.48499995470046997,
			"z": 0.8049999475479126,
			"w": 0.4490000009536743
		},
		"slider_grab": {
			"x": 0.23999999463558197,
			"y": 0.5199999809265137,
			"z": 0.8799999952316284,
			"w": 1.0
		},
		"slider_grab_active": {
			"x": 0.25999999046325684,
			"y": 0.5899999737739563,
			"z": 0.9800000190734863,
			"w": 1.0
		},
		"button": {
			"x": 0.25999999046325684,
			"y": 0.5899999737739563,
			"z": 0.9800000190734863,
			"w": 0.4000000059604645
		},
		"button_hovered": {
			"x": 0.25999999046325684,
			"y": 0.5899999737739563,
			"z": 0.9800000190734863,
			"w": 1.0
		},
		"button_active": {
			"x": 0.05999999865889549,
			"y": 0.5299999713897705,
			"z": 0.9800000190734863,
			"w": 1.0
		},
		"header": {
			"x": 0.25999999046325684,
			"y": 0.5899999737739563,
			"z": 0.9800000190734863,
			"w": 0.3100000023841858
		},
		"header_hovered": {
			"x": 0.25999999046325684,
			"y": 0.5899999737739563,
			"z": 0.9800000190734863,
			"w": 0.800000011920929
		},
		"header_active": {
			"x": 0.25999999046325684,
			"y": 0.5899999737739563,
			"z": 0.9800000190734863,
			"w": 1.0
		},
		"separator": {
			"x": 0.4300000071525574,
			"y": 0.4300000071525574,
			"z": 0.5,
			"w": 0.5
		},
		"separator_hovered": {
			"x": 0.10000000149011612,
			"y": 0.4000000059604645,
			"z": 0.75,
			"w": 0.7799999713897705
		},
		"separator_active": {
			"x": 0.10000000149011612,
			"y": 0.4000000059604645,
			"z": 0.75,
			"w": 1.0
		},
		"resize_grip": {
			"x": 0.25999999046325684,
			"y": 0.5899999737739563,
			"z": 0.9800000190734863,
			"w": 0.20000000298023224
		},
		"resize_grip_hovered": {
			"x": 0.25999999046325684,
			"y": 0.5899999737739563,
			"z": 0.9800000190734863,
			"w": 0.6700000166893005
		},
		"resize_grip_active": {
			"x": 0.25999999046325684,
			"y": 0.5899999737739563,
			"z": 0.9800000190734863,
			"w": 0.949999988079071
		},
		"input_text_cursor": {
			"x": 1.0,
			"y": 1.0,
			"z": 1.0,
			"w": 1.0
		},
		"tab_hovered": {
			"x": 0.25999999046325684,
			"y": 0.5899999737739563,
			"z": 0.9800000190734863,
			"w": 0.800000011920929
		},
		"tab": {
			"x": 0.17999999225139618,
			"y": 0.34999996423721313,
			"z": 0.5800000429153442,
			"w": 0.8619999885559082
		},
		"tab_selected": {
			"x": 0.19999998807907104,
			"y": 0.4099999666213989,
			"z": 0.6800000071525574,
			"w": 1.0
		},
		"tab_selected_overline": {
			"x": 0.25999999046325684,
			"y": 0.5899999737739563,
			"z": 0.9800000190734863,
			"w": 1.0
		},
		"tab_dimmed": {
			"x": 0.06800000369548798,
			"y": 0.10199998319149017,
			"z": 0.14800003170967102,
			"w": 0.9724000096321106
		},
		"tab_dimmed_selected": {
			"x": 0.13599997758865356,
			"y": 0.2619999647140503,
			"z": 0.42399999499320984,
			"w": 1.0
		},
		"tab_dimmed_selected_overline": {
			"x": 0.5,
			"y": 0.5,
			"z": 0.5,
			"w": 0.0
		},
		"docking_preview": {
			"x": 0.25999999046325684,
			"y": 0.5899999737739563,
			"z": 0.9800000190734863,
			"w": 0.699999988079071
		},
		"docking_empty_bg": {
			"x": 0.20000000298023224,
			"y": 0.20000000298023224,
			"z": 0.20000000298023224,
			"w": 1.0
		},
		"plot_lines": {
			"x": 0.6100000143051147,
			"y": 0.6100000143051147,
			"z": 0.6100000143051147,
			"w": 1.0
		},
		"plot_lines_hovered": {
			"x": 1.0,
			"y": 0.4300000071525574,
			"z": 0.3499999940395355,
			"w": 1.0
		},
		"plot_histogram": {
			"x": 0.8999999761581421,
			"y": 0.699999988079071,
			"z": 0.0,
			"w": 1.0
		},
		"plot_histogram_hovered": {
			"x": 1.0,
			"y": 0.6000000238418579,
			"z": 0.0,
			"w": 1.0
		},
		"table_header_bg": {
			"x": 0.1899999976158142,
			"y": 0.1899999976158142,
			"z": 0.20000000298023224,
			"w": 1.0
		},
		"table_border_strong": {
			"x": 0.3100000023841858,
			"y": 0.3100000023841858,
			"z": 0.3499999940395355,
			"w": 1.0
		},
		"table_border_light": {
			"x": 0.23000000417232513,
			"y": 0.23000000417232513,
			"z": 0.25,
			"w": 1.0
		},
		"table_row_bg": {
			"x": 0.0,
			"y": 0.0,
			"z": 0.0,
			"w": 0.0
		},
		"table_row_bg_alt": {
			"x": 1.0,
			"y": 1.0,
			"z": 1.0,
			"w": 0.05999999865889549
		},
		"text_link": {
			"x": 0.25999999046325684,
			"y": 0.5899999737739563,
			"z": 0.9800000190734863,
			"w": 1.0
		},
		"text_selected_bg": {
			"x": 0.25999999046325684,
			"y": 0.5899999737739563,
			"z": 0.9800000190734863,
			"w": 0.3499999940395355
		},
		"tree_lines": {
			"x": 0.4300000071525574,
			"y": 0.4300000071525574,
			"z": 0.5,
			"w": 0.5
		},
		"drag_drop_target": {
			"x": 1.0,
			"y": 1.0,
			"z": 0.0,
			"w": 0.8999999761581421
		},
		"drag_drop_target_bg": {
			"x": 0.0,
			"y": 0.0,
			"z": 0.0,
			"w": 0.0
		},
		"unsaved_marker": {
			"x": 1.0,
			"y": 1.0,
			"z": 1.0,
			"w": 1.0
		},
		"nav_cursor": {
			"x": 0.25999999046325684,
			"y": 0.5899999737739563,
			"z": 0.9800000190734863,
			"w": 1.0
		},
		"nav_windowing_highlight": {
			"x": 1.0,
			"y": 1.0,
			"z": 1.0,
			"w": 0.699999988079071
		},
		"nav_windowing_dim_bg": {
			"x": 0.800000011920929,
			"y": 0.800000011920929,
			"z": 0.800000011920929,
			"w": 0.20000000298023224
		},
		"modal_window_dim_bg": {
			"x": 0.800000011920929,
			"y": 0.800000011920929,
			"z": 0.800000011920929,
			"w": 0.3499999940395355
		}
	},
	"alpha": 1.0,
	"anti_aliased_fill": true,
	"anti_aliased_lines": true,
	"anti_aliased_lines_use_tex": true,
	"button_text_align": {
		"x": 0.5,
		"y": 0.5
	},
	"cell_padding": {
		"x": 4.0,
		"y": 2.0
	},
	"child_border_size": 1.0,
	"child_rounding": 0.0,
	"circle_tessellation_max_error": 0.30000001192092896,
	"color_button_position": 1,
	"color_marker_size": 3.0,
	"columns_min_spacing": 6.0,
	"curve_tessellation_tol": 1.25,
	"disabled_alpha": 0.6000000238418579,
	"display_safe_area_padding": {
		"x": 3.0,
		"y": 3.0
	},